{"schemaVersion":"1.0","appDefinitionTemplate":{"id":"/providers/Microsoft.PowerApps/apps/","type":"Microsoft.PowerApps/apps","tags":{"primaryDeviceWidth":"1919","primaryDeviceHeight":"866","sienaVersion":"20210709T210324Z-3.21061.25.0","deviceCapabilities":"","supportsPortrait":"false","supportsLandscape":"true","primaryFormFactor":"Tablet","publisherVersion":"3.21061.25","minimumRequiredApiVersion":"2.2.0","hasComponent":"false","hasUnlockedComponent":"false","isUnifiedRootApp":"false"},"properties":{"appVersion":"2021-07-09T21:03:24Z","lifeCycleId":"Published","createdByClientVersion":{"major":3,"minor":21061,"build":25,"revision":0,"majorRevision":0,"minorRevision":0},"minClientVersion":{"major":3,"minor":21061,"build":25,"revision":0,"majorRevision":0,"minorRevision":0},"backgroundColor":"rgba(0, 99, 177, 1)","backgroundImageUri":"/8992806819420800271/Nc08b9ed1-f79d-4a32-8d4b-8db55a3805d1-logoSmallFile","displayName":"Complaint Manager","description":"A demo app for customer complaint management scenarios","commitMessage":"","appUris":{"documentUri":{"value":"/8992806819420800271/Ncc7b0ab9-bddb-466e-bce1-2468324332c8-document.msapp"},"imageUris":[]},"createdTime":"0001-01-01T00:00:00Z","lastModifiedTime":"0001-01-01T00:00:00Z","sharedGroupsCount":0,"sharedUsersCount":0,"icons":{"smallIconUri":"/8992806819420800271/Na4fe80f9-656d-4941-8989-7c59b059f4f4-small.png","mediumIconUri":"/8992806819420800271/N1bbb5668-f9bf-4ca8-a5cb-aea5f092d4fa-medium.png","largeIconUri":"/8992806819420800271/N8b4ef477-ef01-4f15-8786-51fd17d77a90-large.png","wideIconUri":"/8992806819420800271/N60b09dbe-5d2c-4558-bf9b-b0a284a14ad2-wide.png"},"connectionReferences":{"cb561f9e-bb80-4ed7-b1e2-681c71000d67":{"id":"02ed28e9-2fc7-499a-b18f-362f988cc51a","displayName":"Logic flows","iconUri":"https://connectoricons-prod.azureedge.net/releases/v1.0.1438/1.0.1438.2324/logicflows/icon.png","dataSources":["ComplaintsManagement-AddResponse"],"dependencies":[],"dependents":[],"parameterHints":{"workflowName":{"value":"c01b5331-7d39-4a38-8fff-bfaf28f7b892"},"workflowEntityId":{}},"isOnPremiseConnection":false,"bypassConsent":false,"dataSets":{},"apiTier":"Standard","isCustomApiConnection":false,"actions":["Run"]},"237b5616-3858-43ac-9c17-91ce352fed93":{"id":"02ed28e9-2fc7-499a-b18f-362f988cc51a","displayName":"Logic flows","iconUri":"https://connectoricons-prod.azureedge.net/releases/v1.0.1438/1.0.1438.2324/logicflows/icon.png","dataSources":["ComplaintsManagement-GetAgents"],"dependencies":[],"dependents":[],"parameterHints":{"workflowName":{"value":"c2e350a1-ebb6-4615-ba95-57545dede46a"},"workflowEntityId":{}},"isOnPremiseConnection":false,"bypassConsent":false,"dataSets":{},"apiTier":"Standard","isCustomApiConnection":false,"actions":["Run"]},"c6ac2a46-5cac-4888-96d6-736af41cf305":{"id":"02ed28e9-2fc7-499a-b18f-362f988cc51a","displayName":"Logic flows","iconUri":"https://connectoricons-prod.azureedge.net/releases/v1.0.1438/1.0.1438.2324/logicflows/icon.png","dataSources":["ComplaintsManagement-ResolveComplaint"],"dependencies":[],"dependents":[],"parameterHints":{"workflowName":{"value":"55f025a7-9e15-4e13-852d-5397cee4a37a"},"workflowEntityId":{}},"isOnPremiseConnection":false,"bypassConsent":false,"dataSets":{},"apiTier":"Standard","isCustomApiConnection":false,"actions":["Run"]},"4a1bb97e-fa4a-4930-b8df-8e9c2f7b5898":{"id":"02ed28e9-2fc7-499a-b18f-362f988cc51a","displayName":"Logic flows","iconUri":"https://connectoricons-prod.azureedge.net/releases/v1.0.1438/1.0.1438.2324/logicflows/icon.png","dataSources":["ComplaintsManagement-GetSearchResults"],"dependencies":[],"dependents":[],"parameterHints":{"workflowName":{"value":"c2f22be9-f9c6-4165-80af-87729055f7f0"},"workflowEntityId":{}},"isOnPremiseConnection":false,"bypassConsent":false,"dataSets":{},"apiTier":"Standard","isCustomApiConnection":false,"actions":["Run"]},"fc1facf1-6c39-42bd-8da0-57a945c95505":{"id":"02ed28e9-2fc7-499a-b18f-362f988cc51a","displayName":"Logic flows","iconUri":"https://connectoricons-prod.azureedge.net/releases/v1.0.1438/1.0.1438.2324/logicflows/icon.png","dataSources":["ComplaintsManagement-GetComplaints"],"dependencies":[],"dependents":[],"parameterHints":{"workflowName":{"value":"877f0eaa-b5a4-4384-ae7d-0c6560a1ceaa"},"workflowEntityId":{}},"isOnPremiseConnection":false,"bypassConsent":false,"dataSets":{},"apiTier":"Standard","isCustomApiConnection":false,"actions":["Run"]},"ff04d84d-183a-486d-afe5-55d288a5a922":{"id":"02ed28e9-2fc7-499a-b18f-362f988cc51a","displayName":"Logic flows","iconUri":"https://connectoricons-prod.azureedge.net/releases/v1.0.1438/1.0.1438.2324/logicflows/icon.png","dataSources":["ComplaintsManagement-GetResolvedComplaints"],"dependencies":[],"dependents":[],"parameterHints":{"workflowName":{"value":"9a060829-bd0f-410d-b35c-cbff664094a7"},"workflowEntityId":{}},"isOnPremiseConnection":false,"bypassConsent":false,"dataSets":{},"apiTier":"Standard","isCustomApiConnection":false,"actions":["Run"]},"eaba8e45-b025-44d8-be6f-90322bdda200":{"id":"02ed28e9-2fc7-499a-b18f-362f988cc51a","displayName":"Logic flows","iconUri":"https://connectoricons-prod.azureedge.net/releases/v1.0.1438/1.0.1438.2324/logicflows/icon.png","dataSources":["ComplaintsManagement-GetComplaintResponses"],"dependencies":[],"dependents":[],"parameterHints":{"workflowName":{"value":"86750211-b5b9-41d7-a442-779a52343eab"},"workflowEntityId":{}},"isOnPremiseConnection":false,"bypassConsent":false,"dataSets":{},"apiTier":"Standard","isCustomApiConnection":false,"actions":["Run"]}},"databaseReferences":{},"almMode":"Environment","performanceOptimizationEnabled":true,"canConsumeAppPass":true,"executionRestrictions":{"isTeamsOnly":false,"dataLossPreventionEvaluationResult":{"status":"Compliant","lastEvaluationDate":"2021-04-06T20:49:48.5427973Z","violations":[],"violationsByPolicy":[],"violationErrorMessage":"The app uses the following connectors: shared_commondataservice."}}},"appType":"ClassicCanvasApp","appComponents":[]}}