{"name":"a7287dda-7ab3-47f9-908d-d8559fb89eae","id":"/providers/Microsoft.Flow/flows/a7287dda-7ab3-47f9-908d-d8559fb89eae","type":"Microsoft.Flow/flows","properties":{"apiId":"/providers/Microsoft.PowerApps/apis/shared_logicflows","displayName":"ComplaintsManagement-ResolveComplaint","definition":{"metadata":{"workflowEntityId":null,"processAdvisorMetadata":null,"flowclientsuspensionreason":"None","flowclientsuspensiontime":null,"creator":{"id":"fe798045-855c-427b-854e-2f1d8a34b4c3","type":"User","tenantId":"72f988bf-86f1-41af-91ab-2d7cd011db47"},"provisioningMethod":"FromDefinition","failureAlertSubscription":true,"clientLastModifiedTime":"2021-06-16T15:48:26.6179914Z"},"$schema":"https://schema.management.azure.com/providers/Microsoft.Logic/schemas/2016-06-01/workflowdefinition.json#","contentVersion":"1.0.0.0","parameters":{"$authentication":{"defaultValue":{},"type":"SecureObject"}},"triggers":{"manual":{"type":"Request","kind":"PowerApp","inputs":{"schema":{"type":"object","properties":{"Initializedepartment_Value":{"type":"string","description":"Enter initial value","x-ms-powerflows-param-ispartial":false},"Initializeagent_Value":{"type":"string","description":"Enter initial value","x-ms-powerflows-param-ispartial":false},"Initializeid_Value":{"type":"string","description":"Enter initial value","x-ms-powerflows-param-ispartial":false}},"required":["Initializedepartment_Value","Initializeagent_Value","Initializeid_Value"]}}}},"actions":{"HTTP":{"runAfter":{"Initialize_agent":["Succeeded"]},"type":"Http","inputs":{"method":"POST","uri":"https://ccmfunctionapp1.azurewebsites.net/api/ccmfunctionapp?&dataset=updatecomplaintstatus","body":{"id":"@variables('id')","Class1":"@variables('department')","SupportAgent":"@variables('agent')"}}},"Response":{"runAfter":{"HTTP":["Succeeded"]},"type":"Response","kind":"Http","inputs":{"statusCode":200,"body":"@body('HTTP')"}},"Initialize_id":{"runAfter":{},"type":"InitializeVariable","inputs":{"variables":[{"name":"id","type":"string","value":"@{triggerBody()['Initializeid_Value']}"}]}},"Initialize_department":{"runAfter":{"Initialize_id":["Succeeded"]},"type":"InitializeVariable","inputs":{"variables":[{"name":"department","type":"string","value":"@{triggerBody()['Initializedepartment_Value']}"}]}},"Initialize_agent":{"runAfter":{"Initialize_department":["Succeeded"]},"type":"InitializeVariable","inputs":{"variables":[{"name":"agent","type":"string","value":"@{triggerBody()['Initializeagent_Value']}"}]}}},"outputs":{}},"connectionReferences":{},"flowFailureAlertSubscribed":false}}